{
  "setup": "RSI <30/>70 + High Volatility + LOW Volume",
  "trades": 638,
  "win_rate": 55.0,
  "profit_factor": 1.15,
  "total_return": 13.3,
  "max_drawdown": -6.5,
  "final_equity": 11325.07,
  "avg_hold_days": 3.6,
  "monthly": {
    "2024-06": {
      "trades": 8,
      "pnl": -16.505376092186847,
      "wins": 2
    },
    "2024-07": {
      "trades": 30,
      "pnl": 18.13457079411807,
      "wins": 19
    },
    "2025-03": {
      "trades": 52,
      "pnl": 14.497167140124734,
      "wins": 33
    },
    "2025-04": {
      "trades": 37,
      "pnl": 80.80285192488834,
      "wins": 25
    },
    "2025-08": {
      "trades": 24,
      "pnl": 14.918488499299986,
      "wins": 15
    },
    "2026-01": {
      "trades": 25,
      "pnl": 8.1959619398615,
      "wins": 14
    },
    "2026-02": {
      "trades": 64,
      "pnl": -6.509220669571647,
      "wins": 29
    },
    "2026-03": {
      "trades": 22,
      "pnl": -31.28408443005887,
      "wins": 6
    },
    "2024-08": {
      "trades": 49,
      "pnl": 34.440748024855935,
      "wins": 31
    },
    "2025-01": {
      "trades": 21,
      "pnl": 19.459955635173074,
      "wins": 14
    },
    "2025-02": {
      "trades": 39,
      "pnl": -7.877074043340962,
      "wins": 19
    },
    "2025-05": {
      "trades": 63,
      "pnl": -74.60185482784212,
      "wins": 29
    },
    "2025-11": {
      "trades": 38,
      "pnl": 9.007915706909182,
      "wins": 21
    },
    "2024-11": {
      "trades": 30,
      "pnl": 6.687174648792254,
      "wins": 14
    },
    "2024-09": {
      "trades": 8,
      "pnl": 19.626285602851247,
      "wins": 5
    },
    "2024-12": {
      "trades": 26,
      "pnl": 10.624188258801098,
      "wins": 12
    },
    "2025-07": {
      "trades": 17,
      "pnl": 17.947690544103114,
      "wins": 13
    },
    "2025-09": {
      "trades": 8,
      "pnl": -8.002008209221994,
      "wins": 4
    },
    "2025-12": {
      "trades": 26,
      "pnl": 4.356460714928886,
      "wins": 17
    },
    "2024-10": {
      "trades": 8,
      "pnl": 2.561814049891071,
      "wins": 5
    },
    "2025-06": {
      "trades": 7,
      "pnl": 3.4801588087094912,
      "wins": 4
    },
    "2025-10": {
      "trades": 36,
      "pnl": 8.425486418049376,
      "wins": 20
    }
  }
}